review,time,category
,06/11/17,Lipsticks
,26/10/17,Lipsticks
"Pigmented, Transfer-Proof, Smooth In Finish",04/12/17,Lipsticks
"Pigmented, Moisturizing, Transfer-Proof, Not Long Lasting, Smooth In Finish",30/06/18,Lipsticks
,24/07/18,Lipsticks
"Pigmented, Moisturizing, Transfer-Proof, Long Lasting, Smooth In Finish",14/08/18,Lipsticks
"Pigmented, Not Moisturizing, Not Transfer Proof, Long Lasting, Smooth In Finish",10/10/17,Lipsticks
"Pigmented, Moisturizing, Not Transfer Proof, Not Long Lasting, Smooth In Finish",09/09/17,Lipsticks
,20/07/17,Lipsticks
"Pigmented, Moisturizing, Transfer-Proof, Long Lasting, Smooth In Finish",08/09/18,Lipsticks
,29/06/18,Lipsticks
"Pigmented, Transfer-Proof, Long Lasting, Smooth In Finish",24/08/18,Lipsticks
,14/04/16,Lipsticks
"Pigmented, Moisturizing, Transfer-Proof, Long Lasting, Smooth In Finish",03/04/17,Lipsticks
,24/12/15,Lipsticks
,13/11/17,Lipsticks
,17/02/18,Lipsticks
,17/08/17,Lipsticks
,26/05/18,Lipsticks
,13/04/18,Lipsticks
,11/01/18,Lipsticks
,19/11/17,Lipsticks
,11/12/17,Lipsticks
"Not Pigmented, Not Moisturizing, Not Transfer Proof, Not Smooth in Finish",04/12/17,Lipsticks
"Not Pigmented, Moisturizing, Not Transfer Proof, Not Long Lasting, Not Smooth in Finish",21/05/18,Lipsticks
"Pigmented, Moisturizing, Smooth In Finish",13/08/18,Lipsticks
"Pigmented, Moisturizing, Not Transfer Proof, Long Lasting, Smooth In Finish",14/08/18,Lipsticks
,23/04/18,Lipsticks
,07/04/18,Lipsticks
"Pigmented, Moisturizing, Transfer-Proof, Long Lasting, Smooth In Finish",06/04/18,Lipsticks
"Moisturizing, Long Lasting, Smooth In Finish",10/04/18,Lipsticks
"Pigmented, Moisturizing, Not Transfer Proof, Not Long Lasting, Not Smooth in Finish",03/04/18,Lipsticks
,23/04/18,Lipsticks
"Pigmented, Moisturizing, Transfer-Proof, Long Lasting, Smooth In Finish",22/07/18,Lipsticks
"Not Moisturizing, Transfer-Proof, Long Lasting, Smooth In Finish",01/08/18,Lipsticks
"Not Pigmented, Moisturizing, Not Transfer Proof, Not Long Lasting, Smooth In Finish",14 days ago,Lipsticks
"Long Lasting, Smooth In Finish",03/03/18,Lipsticks
"Pigmented, Not Moisturizing, Not Transfer Proof, Not Long Lasting, Smooth In Finish",12/06/18,Lipsticks
,20/05/18,Lipsticks
,23/02/18,Lipsticks
"Pigmented, Moisturizing, Not Transfer Proof, Smooth In Finish",19/02/18,Lipsticks
"Pigmented, Moisturizing, Transfer-Proof, Long Lasting, Smooth In Finish",21/02/18,Lipsticks
"Not Transfer Proof, Not Long Lasting, Smooth In Finish",08/07/18,Lipsticks
,19/08/18,Lipsticks
"Pigmented, Moisturizing, Not Transfer Proof, Not Long Lasting, Smooth In Finish",01/09/18,Lipsticks
"Not Pigmented, Moisturizing, Not Transfer Proof, Not Long Lasting, Not Smooth in Finish",28/07/18,Lipsticks
,27/11/17,Lipsticks
"Pigmented, Not Moisturizing, Transfer-Proof, Long Lasting, Smooth In Finish",8 days ago,Lipsticks
,05/05/18,Lipsticks
,03/06/18,Lipsticks
"Moisturizing, Long Lasting, Smooth In Finish",22/05/18,Lipsticks
,23/11/17,Lipsticks
"Pigmented, Not Moisturizing, Not Transfer Proof, Long Lasting, Smooth In Finish",9 days ago,Lipsticks
,18/11/17,Lipsticks
"Pigmented, Moisturizing, Not Transfer Proof, Long Lasting, Smooth In Finish",25/08/18,Lipsticks
"Pigmented, Moisturizing, Transfer-Proof, Long Lasting, Smooth In Finish",09/09/18,Lipsticks
,18/09/18,Lipsticks
"Pigmented, Moisturizing, Transfer-Proof, Long Lasting, Smooth In Finish",08/04/18,Lipsticks
,05/07/18,Lipsticks
"Not Pigmented, Moisturizing, Not Transfer Proof, Not Long Lasting, Smooth In Finish",22/08/18,Lipsticks
,17/12/17,Lipsticks
"Pigmented, Moisturizing, Transfer-Proof, Smooth In Finish",09/07/18,Lipsticks
,15/08/18,Lipsticks
"Pigmented, Moisturizing, Transfer-Proof, Long Lasting, Smooth In Finish",01/02/18,Lips
"Pigmented, Moisturizing, Not Transfer Proof, Long Lasting, Smooth In Finish",04/06/18,Lips
"Moisturizing, Transfer-Proof, Long Lasting, Smooth In Finish",20/04/18,Lips
,14/04/16,Lips
"Pigmented, Moisturizing, Transfer-Proof, Long Lasting, Smooth In Finish",03/04/17,Lips
,24/12/15,Lips
"Moisturizing, Long Lasting, Smooth In Finish",10/04/18,Lips
"Pigmented, Moisturizing, Not Transfer Proof, Not Long Lasting, Not Smooth in Finish",03/04/18,Lips
,23/04/18,Lips
,01/07/18,Lips
,06/01/16,Lips
,04/04/16,Lips
"Pigmented, Moisturizing, Transfer-Proof, Long Lasting, Smooth In Finish",17/01/18,Lips
"Pigmented, Moisturizing, Transfer-Proof, Long Lasting, Smooth In Finish",30/12/17,Lips
,25/12/17,Lips
"Not Pigmented, Moisturizing, Not Transfer Proof, Long Lasting, Smooth In Finish",30/08/18,Lips
,15/03/18,Lips
"Transfer-Proof, Long Lasting, Smooth In Finish",16/12/17,Lips
"Not Pigmented, Not Moisturizing, Not Transfer Proof, Not Long Lasting, Not Smooth in Finish",30/04/18,Lips
"Moisturizing, Transfer-Proof, Not Pigmented",16/09/18,Lips
,15/06/18,Lips
"Pigmented, Moisturizing, Transfer-Proof, Long Lasting, Smooth In Finish",19/10/17,Lips
"Pigmented, Moisturizing, Transfer-Proof, Long Lasting, Smooth In Finish",02/01/18,Lips
"Pigmented, Moisturizing, Not Transfer Proof, Not Long Lasting, Smooth In Finish",06/03/18,Lips
,17/12/15,Lips
,18/01/16,Lips
"Moisturizing, Long Lasting, Smooth In Finish",02/11/16,Lips
,18/02/18,Lips
"Moisturizing, Transfer-Proof, Long Lasting, Smooth In Finish",27/02/18,Lips
,12/01/18,Lips
"Pigmented, Moisturizing, Transfer-Proof, Long Lasting, Smooth In Finish",11/08/18,Lips
,19/04/18,Lips
"Pigmented, Moisturizing, Not Transfer Proof, Not Long Lasting, Smooth In Finish",12/09/18,Lips
,25/11/16,Lips
,20/05/18,Lips
,10/04/18,Lips
,08/08/16,Lips
,10/09/16,Lips
,25/08/16,Lips
"Smudge-Free, Smooth In Application, Non-Irritating, Long Lasting, Pigmented",28/01/17,Lips
"Smudge-Free, Long Lasting, Pigmented, Smooth In Application",19/09/16,Lips
,01/02/18,Lips
,04/06/18,Lips
,20/04/18,Lips
It is definitely matte as hell...ohhh im madly in love with this lip crayon...I prefer this lip crayon over Lipsticks any day... packaging is classy...black in color. comes with a cute little sharpener. very smoth application. it is a beautiful red color and makes ur face look bright. staying power is quite good... stays upto 5-6 hrs. Go for it girls u will surely love this..,14/04/16,Lips
omg...i can't express how happy i am to buy this lipstick.After a lot of research work and through process i decided to buy this lipstick  and i am glad that i got exactly the red color that i was looking.          It glides like butter on lips and stays like  Forever!,03/04/17,Lips
Perfect Red lipstick :),24/12/15,Lips
its awesome,10/04/18,Lips
"The product is not completely matte but more of a creamy matte. I Chose the color plum but the color is not even close to what is presented in the picture. I have brown skin and the shade washes me away.
Talking about the formula, the color leaves stain after some time",03/04/18,Lips
"The shade partying with mascot is amazing.. If you love deep pinks with a hint of nude and plum, go for this... Perfect for office and college... Staying power is good... Not transfer proof though, but stays for 5 hours if you don't have oily or buttery meals... Moisturizing...",23/04/18,Lips
,01/07/18,Lips
I bought this from a physical store a few days back. At first I was skeptical because of the wooden pencil and I assumed it would be hard to use. But this slides in like a dream you don't need to exfoliate your lips at all. It feel like butter on the lips. And the colour <3 Such a bright shade every girl's must have . It makes my face look bright and you don't really need any thing else on your face ! It's not a twist up though and you need to sharpen it so care needs to be taken to avoid product wastage. The color pay off is awesome as well. stays for 4 hours without any meals. A little pricey but a good amount of product is available so it's a decent. a,06/01/16,Lips
Creamy matte shade and long lasting . Beautiful shade for medium complexion.,04/04/16,Lips
"Very smooth, just glides through the lips and long lasting. ",17/01/18,Lips
,30/12/17,Lips
,25/12/17,Lips
,30/08/18,Lips
,15/03/18,Lips
They do not give the free sharpener. Which is available in every other website or store.,16/12/17,Lips
it is a very bad product.....I ordered a colour but Purplle gives me another colour....which I don't want....plz don't go for it,30/04/18,Lips
Colour is fine. But smells bad,16/09/18,Lips
no d color is not d same as shown in dpiciwant toreturn it wat is d process.nd want d same as shown jn d pic plz help out,15/06/18,Lips
it's creamy glides smoothly...and very much pigmented....stays for a long time 5_7 hours....best fr winters bcz its texture is creamy matte .,19/10/17,Lips
Color on the net and the actual product is vastly different hence it was a disappointing buy,02/01/18,Lips
"Highly pigmented, smooth in application but not transfer proof n if the mouth area is oily then the lipshade tends to bleed n spread all outside the lip area ...üòí otherwise good product! ",06/03/18,Lips
"Lakme absolute pout is a must try lipstick. Its totally different in its texture than other lipsticks available in the market. It really gives you a pout effect, if applied with a nice lip liner.<br/>However, as its a mat finish lipstick (which i actually like about it), use lip balm prior to applying this, on your lips to avoid the dry feeling.",17/12/15,Lips
very nice color but little bit dark,18/01/16,Lips
love the color at this price,02/11/16,Lips
I purchased the Brownie Point shade. Very nice warm colour. Looks amazing on wheatish skin. Safe color and can be used for any occasion... at fun or at work... u will surely make them look at you twice...,18/02/18,Lips
must buy shade for every age. i boughone for myself and one for my mother. Loved it. Wear it everyday to work,27/02/18,Lips
,12/01/18,Lips
,11/08/18,Lips
,19/04/18,Lips
"I'm very much satisfied with this chubby stick ..... it is tinted , creamy and suitable for medium to fair skin tone . only the problem is that it is not transfer proof",12/09/18,Lips
its fabulous in quality n price tooo..:D,25/11/16,Lips
,20/05/18,Lips
,10/04/18,Lips
Its a 5star product. Amazing colour. i love lot sugar crayon. all shade are my fav.,08/08/16,Lips
"After browsing thru a million reviews i got dis at 15% off frm purplle.without a doubt i hv got my holy grail lipsticks.they are so incredibly matte n yet doesnt dry lips.my lips wer well hydrated fr the whole time i had d lipstick on.the colour payoff is awesome .. jst one stroke n u get d perfect color on d crayon.i love all d 4 shades bt my favourite has to be holy golightly n Scarlet o'hara... holy golightly is a beautiful nude pink n i hv totally fallen in love with it.if u jst feel lyk trying one shade, go fr dis one.u wont regret.i am sooo happy to own dis box n loveeee shopping with purplle...",10/09/16,Lips
Awesome lipstick.. Matte look..  elegant.. And No.1 Lipstick as of now available in India,25/08/16,Lips
"Loved the lipstick shade.
A perfect pinky nude for office.
Kajal is also highly pigmented and smooth.
Awesome deal",28/01/17,Lips
This is the first time I'm using sugar product. While purchasing I felt it's bit expensive. But I wanted to give a try. So I placed an order. It took nearly 6 days to get delivered. Coming to the product reviews the eye liner is pointed and thin. It's smudge proof and stays for long. The lipstick is awesome. it glides smoothly and non transferable. High quality lipstick. it's absolutely matte and don't dry out the lips. Now I know why it's expensive. Once in a lifetime have to try Sugar...,19/09/16,Lips
marry poppins.. one of the best shades of sugar.. in love it the color. superr hawt.. ?,29/07/17,Lips
I'm so in love with this stay quirky lipstick. It‚Äôs a rich mocha shade. I wear it on multiple occasions. It even suits my office outfits and lasts throughout the day.,26/10/17,Lips
Don't go for it. Lips starts to give shrinking feel and dry out. Color changed once it is applied to pale pink color. Very bad experience.,23/11/17,Lips
It's light shade ,02/11/17,Lips
product wise gd bt .... packaging not so good...no manufacturing or expairy date.,22/04/18,Lips
"Dark pink shade,  worthy ‚ô•",15/04/18,Lips
,07/08/18,Lips
hey I recently order this product from the purplle website but got allergy from the lipstick. as well as these lipsticks are not comfortable at all on the lips,24/08/18,Lips
the color is different from what is shown its more light pink,08/08/18,Lips
,10/01/18,Lips
,22/05/18,Lips
,01/05/18,Lips
It creates illusion whether its is red or it is dark brown but its so lovely colour that i have ever in my lipstick collection,05/08/18,Lips
best lipstik but colour is not same its a brown but very nice lipstik and longlasting,28/08/18,Lips
,07/09/18,Lips
bang onn no.6 is perfect for Indian skin type,25/08/18,Lips
,09/09/18,Lips
,18/09/18,Lips
"in love with faces product, so far using Faces products only.. Nd this shade is really really pretty for all skin tone. mine is dusky and suits me really really well",26/03/18,Lips
"Dark Chocolate is an extremely beautiful color for all shades. But if your dusky (like me), this can be you next everyday-go-to color. About the transfer- proof: yes it is not completely transfer proof but its not at all gaudy in any way! If you're having a coffee or something, it leaves a very small trace. The fading out is very even throughout, and it even leaves you're lips a bit pigmented (in a good way) which gives a very natural fading out look (If you know what i mean :-P). It's amazingly moisturizing from the time of applying to the end (not even once did it dried or chapped my lips). So go ahead and buy this one girls, It's a keeper!",27/03/18,Lips
color is too darker,08/01/18,Lips
Dont buy this product because the staying power of this lipstick is very bad...not long lasting at all..,11/06/18,Lips
,26/03/18,Lips
,19/05/18,Lips
The color is awesome. Very light weight when applied on lips and the lipstick stays for long time.,25/02/17,Lips
"Transfers far too easily. Gets on food, the bit of skin just under my lower lip, clothes, EVERYTHING. Not matte, but it doesn't claim to be so--it is, however, quite drying. Also, lasts for a maximum of 2h. I bought it because the colour is honestly SO beautiful, almost universally flattering. It has a pleasant but strong fragrance. I wouldn't repurchase. ",05/03/17,Lips
"Such a gorgeous colour! It smells so yummy. The applicator is very convenient. I wish it lasted longer, as it disappears when you eat something.",01/07/17,Lips
Oh so refreshing. Not seen such a shade that I've seen. Pigmented and super water resistant. That's all I needed with an amazing shade.,09/12/17,Lips
Love the colour and the finish of it,18/11/17,Lips
I love Krishna Mehta and her collection is amazing. Now she takes over her lipstick and I'm here for it,23/11/17,Lips
i ordered mauve shade and received different shade..very disappointed ,10/04/18,Lips
bad experience..,03/08/18,Lips
,23/05/18,Lips
my personal favorite. l love the shade..good for fair skin ladies.. moisturizes the lips very well and is very long lasting..gives u a sexy pout..makes the lips plump.most importantly it is non sticky.Perfect for young ladies!!,16/04/15,Lips
worst shade and texture..makes lips chapped.,27/04/16,Lips
It's just a transparent lipgloss just a local normal one,16/03/17,Lips
,11/03/18,Lips
,07/04/17,Lips
,02/12/17,Lips
I ordered it with high hopes but wasn't even close. It has really really bad medicine like smell and i didn't like the consistency either.  total waste,01/10/17,Lips
"Very bad product, money wasted, its not a matte product.. Its like a lip gloss",22/01/18,Lips
,28/12/17,Lips
,30/12/17,Lips
,05/04/18,Lips
"I just love this lip color.creamy formula,hell pigmented.",21/03/18,Lips
,11/09/18,Lips
Really good for the price üòä But lacks lustre.. More matte texture.. Long lasting and can be used as a base for. Lip glosses ,20/02/18,Lips
This has been my favourite lip color from the day I first tried it. It is an amazing rosy pink liquid lipstick and will definitely suite people from fair to medium skin tones. The doe foot helps apply this lipstick very easily. It is extremely transfer proof and very  long lasting.,06/10/17,Lips
,15/09/18,Lips
,26/10/17,Lips
"Not Pigmented, Not Moisturizing, Not Smooth in Finish",23/11/17,Lips
"Not Pigmented, Moisturizing, Smooth In Finish",02/11/17,Lips
"Pigmented, Not Moisturizing, Transfer-Proof, Long Lasting, Smooth In Finish",22/04/18,Lips
,15/04/18,Lips
,07/08/18,Lips
"Pigmented, Not Moisturizing, Not Transfer Proof, Not Smooth in Finish",24/08/18,Lips
,08/08/18,Lips
"Pigmented, Not Moisturizing, Transfer-Proof, Smooth In Finish",10/01/18,Lips
"Not Moisturizing, Not Long Lasting, Not Smooth in Finish",22/05/18,Lips
"Pigmented, Not Moisturizing, Transfer-Proof, Long Lasting, Smooth In Finish",01/05/18,Lips
"Pigmented, Moisturizing, Transfer-Proof, Long Lasting, Smooth In Finish",05/08/18,Lips
,28/08/18,Lips
"Not Pigmented, Not Moisturizing, Transfer-Proof, Long Lasting, Not Smooth in Finish",07/09/18,Lips
"Pigmented, Moisturizing, Not Transfer Proof, Long Lasting, Smooth In Finish",25/08/18,Lips
"Pigmented, Moisturizing, Transfer-Proof, Long Lasting, Smooth In Finish",09/09/18,Lips
,18/09/18,Lips
"Pigmented, Transfer-Proof, Long Lasting, Smooth In Finish",26/03/18,Lips
,27/03/18,Lips
"Pigmented, Not Moisturizing, Transfer-Proof, Long Lasting, Not Smooth in Finish",08/01/18,Lips
"Pigmented, Moisturizing, Transfer-Proof, Not Long Lasting, Smooth In Finish",11/06/18,Lips
,26/03/18,Lips
"Pigmented, Transfer-Proof, Long Lasting, Smooth In Finish",19/05/18,Lips
"Value For Money, Good For Daily Use, Convenient Packaging",25/02/17,Lips
Convenient Packaging,05/03/17,Lips
,01/07/17,Lips
,09/12/17,Lips
,18/11/17,Lips
,23/11/17,Lips
"Pigmented, Not Moisturizing, Not Transfer Proof, Long Lasting, Smooth In Finish",10/04/18,Lips
"Not Pigmented, Not Moisturizing, Not Transfer Proof, Not Long Lasting, Not Smooth in Finish",03/08/18,Lips
,23/05/18,Lips
,16/04/15,Lips
,27/04/16,Lips
"Does not Add Shine, Not Transfer Proof, Easy For Application, Expensive",16/03/17,Lips
"Moisturizing, Transfer-Proof, Long Lasting, Smooth In Finish",11/03/18,Lips
"Pigmented, Moisturizing, Transfer-Proof, Long Lasting, Smooth In Finish",07/04/17,Lips
"Pigmented, Moisturizing, Transfer-Proof, Long Lasting, Smooth In Finish",02/12/17,Lips
,01/10/17,Lips
"Not Pigmented, Not Moisturizing, Transfer-Proof, Not Long Lasting, Not Smooth in Finish",22/01/18,Lips
,28/12/17,Lips
,30/12/17,Lips
,05/04/18,Lips
,21/03/18,Lips
,11/09/18,Lips
,20/02/18,Lips
,06/10/17,Lips
,15/09/18,Lips
,10/09/16,Eyes
"Lenghtening, Volumizing, Long Lasting, Value For Money, Good For Daily Use",30/05/17,Eyes
"Lenghtening, Long Lasting, Good For Daily Use, Convenient Packaging",19/09/17,Eyes
"Lenghtening, Volumizing, Good For Daily Use, Convenient Packaging",20/12/17,Eyes
"Lenghtening, Volumizing, Long Lasting, Value For Money",06/05/17,Eyes
"Not Lengthening, Not Volumizing, Not Long Lasting, Expensive, Not for Daily Use",28/07/18,Eyes
,12/02/18,Eyes
"Not Lengthening, Volumizing, Not Long Lasting, Expensive, Not for Daily Use",09/02/18,Eyes
"Not Lengthening, Not Volumizing, Not Long Lasting",08/02/18,Eyes
"Lenghtening, Volumizing, Long Lasting, Expensive, Not for Daily Use",16/03/18,Eyes
"Not Lengthening, Not Volumizing, Not Long Lasting, Not for Daily Use, Packaging is Blah!",18/05/18,Eyes
,10/07/18,Eyes
"Lenghtening, Volumizing, Long Lasting, Convenient Packaging",4 days ago,Eyes
"Good For Daily Use, Lenghtening, Volumizing, Long Lasting",27/01/18,Eyes
"Not Lengthening, Not Volumizing, Not Long Lasting",13/02/18,Eyes
"Expensive, Good For Daily Use, Not Lengthening, Not Volumizing, Long Lasting",06/08/18,Eyes
"Convenient Packaging, Lenghtening, Not Volumizing, Not Long Lasting",06/11/17,Eyes
,29/10/17,Eyes
"Lenghtening, Volumizing, Long Lasting",26/10/17,Eyes
,28/11/17,Eyes
,28/03/18,Eyes
"Lenghtening, Volumizing, Long Lasting",20/02/18,Eyes
,03/05/17,Eyes
"Not Lengthening, Volumizing, Expensive",03/05/18,Eyes
"Good For Daily Use, Lenghtening, Volumizing, Long Lasting",23/02/18,Eyes
,26/03/16,Eyes
,09/04/14,Eyes
,25/03/16,Eyes
"Not Lengthening, Not Volumizing, Expensive, Good For Daily Use",4 days ago,Eyes
"Good For Daily Use, Lenghtening, Volumizing, Long Lasting",02/07/18,Eyes
"Lenghtening, Volumizing, Long Lasting, Value For Money, Good For Daily Use",24/07/18,Eyes
,31/12/17,Eyes
,30/07/15,Eyes
"Expensive, Good For Daily Use, Not Lengthening, Volumizing, Not Long Lasting",12/04/17,Eyes
"Lenghtening, Volumizing, Long Lasting, Value For Money, Good For Daily Use",24/03/18,Eyes
"Expensive, Not for Daily Use, Not Lengthening, Not Volumizing, Not Long Lasting",28/05/18,Eyes
"Not Lengthening, Not Volumizing, Not Long Lasting, Good For Daily Use",02/11/17,Eyes
"Lenghtening, Volumizing, Not Long Lasting, Expensive, Good For Daily Use",14/12/17,Eyes
"Expensive, Not for Daily Use, Not Lengthening, Not Volumizing, Not Long Lasting",19/01/18,Eyes
"Good For Daily Use, Convenient Packaging, Lenghtening, Volumizing, Long Lasting",29/08/17,Eyes
,10/06/18,Eyes
"Lenghtening, Volumizing, Long Lasting",13/07/17,Eyes
"Good For Daily Use, Volumizing, Long Lasting",17/05/18,Eyes
"Not for Daily Use, Not Long Lasting",03/02/17,Eyes
"Not Lengthening, Not Volumizing, Not Long Lasting, Expensive, Not for Daily Use",28/07/18,Eyes
"Not Lengthening, Not Volumizing, Not Long Lasting, Expensive, Not for Daily Use",26/01/18,Eyes
"Not Lengthening, Not Volumizing, Not Long Lasting, Expensive, Not for Daily Use",17/06/18,Eyes
"Not Lengthening, Volumizing, Long Lasting",27/06/18,Eyes
"Not Lengthening, Volumizing, Long Lasting",27/06/18,Eyes
,27/06/18,Eyes
,27/06/18,Eyes
"it smells vry bad. its waterproof maskara...not removed by water, some remover should apply for remove it properly, if trying to remove by water...chances of breaking eye lashes.",10/09/16,Eyes
"Your eyelash game is on point when you have this mascara by maybelline. And yes you no longer have to worry about buying an eyelash curler from now on because this mascara serves the purpose so well. the best part is that it doesn't feel heavy on your eye lashes and it is waterproof...!! (whooppppiieee) 
A must buy...!!",30/05/17,Eyes
its nice and gives length but it does not gives volume to lashes,19/09/17,Eyes
this mascara is awesome..application of this mascara is like weraring artificial eyelashes  .....it alse curls and volumnizes,20/12/17,Eyes
An awesome product,06/05/17,Eyes
take return maskara,28/07/18,Eyes
,12/02/18,Eyes
not satisfied. .not waterproof and too much thick,08/02/18,Eyes
not a good mascara...feeling bad after buying it..,09/02/18,Eyes
"Every thing is fine with this mascara except for it's wand . It takes me quite a time to apply it evenly on all of my lashes, from 1st to last lash on my eyelids. Otherwise I have yet to come across it's downside.",16/03/18,Eyes
plz not purcse,18/05/18,Eyes
"completely dry, waste of money I don't know what to say ,when I opened it ,mascara is completely dried ,at that moment I very sad ........disappointed .",10/07/18,Eyes
,4 days ago,Eyes
Yeah it's nice. ..,27/01/18,Eyes
dnt go with images. not good,13/02/18,Eyes
,06/08/18,Eyes
okok,06/11/17,Eyes
Lakme is always super ... packaging was good,29/10/17,Eyes
,26/10/17,Eyes
good,28/11/17,Eyes
my mascara is totally dried not useful,28/03/18,Eyes
,20/02/18,Eyes
This mascara is really nice,03/05/17,Eyes
"mascara is ok in quality like any other mascara available in market.  No lengthening effect, obviously it makes ur lashes look more fuller but even a simple mascara does that.
consistency is very thick and product in the tube is very less. I had to move brush along the walls to find product even for the first application.",03/05/18,Eyes
I don't actually see the difference between Lenghtening n Volumizing mascara both seems same to me but the mascaras are over all good,23/02/18,Eyes
didn't liked..gone through all the reviews and thought it'll b great..but I'm extremely disappointed this time..not good at all..,26/03/16,Eyes
"First of all, I would blindly buy a Maybelline product for the quality and reasonable price.
I purchased Volume Express Waterproof mascara as an extra precaution to save running mascara in times of rain.
Use this after using eye lash curler and steal the show.
Pros:
Handy.
Reasonably priced.
Waterproof.
Quite easily washable.
Brightens the look of eyes.
Instant voluminous lashes.
",09/04/14,Eyes
An amazing product which gives a very gorgeous look. Increases the volume of our eyelashes and gives them an attractive look,25/03/16,Eyes
not too good....ok ok typez,4 days ago,Eyes
,02/07/18,Eyes
Nice as described above...üòç,24/07/18,Eyes
"At first I disliked this mascara, but there's a different method of using it. Never go beyond three strokes with this, or you will end up with spider legs. Dries quickly, stays put all day, is waterproof, doesn't irritate. Gives a slight boost to the lashes, not much. Curl your lashes for sure before applying to get the most out of it.",31/12/17,Eyes
I have very light lashes. So one of my friend suggested me this mascara. Its so voluminous that there is no need to add false lashes. It immediately pops out my eyes. ,30/07/15,Eyes
,12/04/17,Eyes
,24/03/18,Eyes
"very dry material , almost dry from inside .  faces product other than this are very good but this mascara is doesn't worth to buy.",28/05/18,Eyes
a very average product,02/11/17,Eyes
"smells wierd
not at all waterproof
dries very slowly",14/12/17,Eyes
,19/01/18,Eyes
,29/08/17,Eyes
Its great but pinpoint is very thin and little suitable to my needs.,16/11/15,Eyes
A good long lasting eye liner... with smooth finish and easy application. Just a drawback is it is a bit heavy on the pocket.,12/03/17,Eyes
"This eyeliner is the best one I have used so far. It is smudge free, long lasting, glides very easily, the tip is smooth and easy to apply, dark pigmented. I now prefer this over the Maybeline colossal liner which dried out pretty quick. ",04/01/18,Eyes
I am a college going student and have college from 9:00 am to 5:30 pm. I am obsessed with the look of a winged liner on my eyes and was looking for an eyeliner that will fit into my budget and give me good results. I was recommended this eyeliner by a friend and I kid you not tie eyeliner is the darkest matte black eyeliner I have ever used. It literally requires just one swipe and it gives an insanely dark crisp line. The liner is waterproof and lasts me the entire day without any touch-ups. The wand of the eyeliner is so comfortable to hold and the bristles are perfect to draw a wing in seconds.,07/10/17,Eyes
one of the best liquid eyeliners i have used till date. perfect black and matte.i love it.,24/09/17,Eyes
doesn't stays long....if we rub eyes its washed off,28/08/17,Eyes
,08/05/18,Eyes
"It's very rough does not glide on smooth, not very pigmented, dry in application. First experience with Faces Eyepencil, not happy, [Picked up Lead Grey shade] would go for colorbar any day over this!!!",12/06/18,Eyes
,05/03/18,Eyes
"Very nice Kajal I just loved it, very gud than Maybelline",19/02/18,Eyes
,05/05/18,Eyes
,11/03/18,Eyes
,08/11/17,Eyes
It is very nice. I am satisfied with the colour and quality of this product.,02/02/18,Eyes
not bed,5 days ago,Eyes
"nah, no. ",07/06/18,Eyes
,10/08/18,Eyes
,13/08/18,Eyes
brush is very thin but that makes easy to wing,08/05/18,Eyes
nice product...very classy red tube ...easy to carry ....precise tip..and long lasting,20/06/18,Eyes
,04/06/18,Eyes
,26/05/17,Eyes
,11/09/18,Eyes
,14 days ago,Eyes
"I have no practice or skill of applying the eyeliner precisely. However, I am very fond of a perfect eye make-up. I switched to this Eyeliner pencil and I love the results. My hands don‚Äôt need to be steady to have a perfect eyeliner now. This pencil glides easily on my eyelids and its fine tip helps me to get any desired style on my eyes.",21/11/17,Eyes
"nice product,nice packaging n fast delivery",11/01/18,Eyes
such nice eyeliner,08/02/18,Eyes
Amazing,23/05/18,Eyes
,25/06/18,Eyes
Very nice boom eyeliner ...,03/01/17,Eyes
"i liked the product.its easy applicable, its smudge free and water proof. brush is soft. color does nt fade away.it does nt gt washd easily with water n mild face wash.",03/12/17,Eyes
Not at all worth buying. It dries out and becomes useless.,24/12/16,Eyes
good eyeliner but not waterproof.,20/01/18,Eyes
"One of the best eye liners in the form of a pen which is portable, cute and long lasting. It's smudge free ‚ù§ I love imported products and this one is made in Germany! I'll buy this from now on ....",29/05/18,Eyes
Very Good Liner.,08/03/18,Eyes
"Colorbar this eyeliner is mindblowing, Color and application is very smooth....
superb product.",29/09/17,Eyes
,15/01/18,Eyes
,13/12/17,Eyes
Excellent pen liner!! Easy to use... Glides smoothly...value for money.. ,25/11/17,Eyes
,09/02/18,Eyes
,03/02/18,Eyes
,16/04/18,Eyes
,19/02/18,Eyes
,24/08/17,Eyes
"It's good.. Especially if you got oily skin, as it doesn't go off easily like other products",19/01/17,Eyes
"I would rate it 4.5 though I really wish to give it 5 on 5. The only con I notice is its pricing, it should be a little moderately priced. Coming to the best features, it's lightweight and doesn't irritate your eyes. It is a dark black an very heavily pigmented, usually one stroke should be enough unless you want a very thick line. I have used many eyeliners bt this one is the best of all. Easy to remove as well, using a little warm water,  or a makeup tissue. it peels off easily.  It's  must buy, try once if you are a sucker for liners. ",18/09/16,Eyes
"On my second tube now. Favourite eyeliner, has overshot the Colorbar liquid liner in my esteem which I had repurchased four times. The applicator wand works beautifully and the formula is matte.",24/12/17,Eyes
"Good pick for your eyes especially for those matte lovers out there.
",08/09/18,Eyes
,16/11/15,Eyes
"Smudge-Free, Long Lasting, Pigmented, Smooth In Application",12/03/17,Eyes
"Smudge-Free, Long Lasting, Pigmented, Smooth In Application",04/01/18,Eyes
"Smudge-Free, Long Lasting, Pigmented, Smooth In Application",07/10/17,Eyes
"Smudge-Free, Long Lasting, Pigmented",24/09/17,Eyes
"Not Long Lasting, Pigmented, Difficult to Apply, Expensive",28/08/17,Eyes
"Not Smudge Free, Long Lasting, Smooth In Application, Expensive",08/05/18,Eyes
"Smudge-Free, Long Lasting, Not Pigmented, Difficult to Apply",12/06/18,Eyes
"Smudge-Free, Long Lasting, Pigmented, Smooth In Application",05/03/18,Eyes
,19/02/18,Eyes
"Smudge-Free, Long Lasting, Pigmented, Smooth In Application, Good For Daily Use",05/05/18,Eyes
,11/03/18,Eyes
,08/11/17,Eyes
,02/02/18,Eyes
"Smudge-Free, Long Lasting, Smooth In Application, Convenient Packaging",5 days ago,Eyes
"Not Smudge Free, Not Pigmented, Difficult to Apply",07/06/18,Eyes
"Smudge-Free, Long Lasting, Pigmented, Smooth In Application",10/08/18,Eyes
"Not Smudge Free, Not Long Lasting, Not Pigmented, Difficult to Apply, Expensive",13/08/18,Eyes
,08/05/18,Eyes
"Smudge-Free, Long Lasting, Pigmented, Smooth In Application, Value For Money",20/06/18,Eyes
"Smudge-Free, Long Lasting, Not Pigmented, Difficult to Apply, Not for Daily Use",04/06/18,Eyes
"Smudge-Free, Long Lasting, Pigmented",26/05/17,Eyes
"Not Smudge Free, Not Long Lasting, Pigmented, Smooth In Application, Convenient Packaging",11/09/18,Eyes
"Not Smudge Free, Long Lasting, Pigmented, Smooth In Application",14 days ago,Eyes
,21/11/17,Eyes
"Smudge-Free, Long Lasting, Pigmented, Smooth In Application, Value For Money",11/01/18,Eyes
Convenient Packaging,08/02/18,Eyes
"Smudge-Free, Long Lasting, Pigmented, Smooth In Application",23/05/18,Eyes
"Smudge-Free, Long Lasting, Smooth In Application",25/06/18,Eyes
,03/01/17,Eyes
,03/12/17,Eyes
"Expensive, Not Smudge Free, Not Long Lasting, Not Pigmented, Difficult to Apply",24/12/16,Eyes
"Smudge-Free, Long Lasting, Pigmented, Smooth In Application, Value For Money",20/01/18,Eyes
"Smudge-Free, Long Lasting, Pigmented, Smooth In Application, Good For Daily Use",29/05/18,Eyes
,08/03/18,Eyes
"Not Smudge Free, Long Lasting, Smooth In Application",29/09/17,Eyes
Smudge-Free,15/01/18,Eyes
"Smudge-Free, Long Lasting, Pigmented, Smooth In Application",13/12/17,Eyes
"Value For Money, Smudge-Free, Long Lasting, Pigmented, Smooth In Application",25/11/17,Eyes
"Smudge-Free, Not Long Lasting, Pigmented, Smooth In Application",09/02/18,Eyes
,03/02/18,Eyes
"Smudge-Free, Long Lasting, Not Pigmented, Smooth In Application",16/04/18,Eyes
"Not Smudge Free, Long Lasting, Not Pigmented, Smooth In Application, Value For Money",19/02/18,Eyes
"Smudge-Free, Expensive",24/08/17,Eyes
"Smudge-Free, Pigmented, Smooth In Application, Value For Money",19/01/17,Eyes
"Expensive, Smudge-Free, Long Lasting, Pigmented, Smooth In Application",18/09/16,Eyes
,24/12/17,Eyes
"Smudge-Free, Pigmented, Smooth In Application",08/09/18,Eyes
"Not for Daily Use, Smudge-Free, Long Lasting, Pigmented, Smooth In Application",01/09/17,Eyes
"Smudge-Free, Long Lasting, Pigmented, Smooth In Application, Value For Money",14/11/17,Eyes
,23/05/18,Face
"evens skin tone, Smooth In Finish, Long Lasting, Value For Money, Good For Daily Use",04/09/18,Face
"evens skin tone, Smooth In Finish",2 days ago,Face
,10/08/18,Face
"Does not even the Tone, Smooth In Finish, Not Long Lasting, Expensive, Not for Daily Use",05/03/18,Face
"Does not even the Tone, Expensive",09/09/18,Face
,23/05/18,Face
"evens skin tone, Smooth In Finish, Long Lasting, Good For Daily Use",04/05/18,Face
"evens skin tone, Smooth In Finish, Long Lasting",26/03/18,Face
"Does not even the Tone, Not Smooth in Finish, Not Long Lasting",22/08/18,Face
"Does not even the Tone, Smooth In Finish, Not Long Lasting, Good For Daily Use",30/08/18,Face
"Good For Daily Use, evens skin tone",05/09/18,Face
"evens skin tone, Long Lasting, Smooth In Finish",02/11/17,Face
"evens skin tone, Smooth In Finish, Long Lasting, Value For Money",24/11/17,Face
"evens skin tone, Smooth In Finish, Long Lasting, Value For Money",22/02/18,Face
"evens skin tone, Smooth In Finish, Not Long Lasting",30/07/18,Face
,3 days ago,Face
,1 day ago,Face
"evens skin tone, Smooth In Finish, Long Lasting, Not for Daily Use, Convenient Packaging",11/09/18,Face
,11/05/18,Face
"Expensive, Does not even the Tone, Smooth In Finish, Long Lasting",11/07/18,Face
"Good For Daily Use, Convenient Packaging, evens skin tone, Smooth In Finish, Long Lasting",31/08/17,Face
"evens skin tone, Smooth In Finish",2 days ago,Face
"Smooth In Finish, Long Lasting, Value For Money, Not for Daily Use",23/12/17,Face
"evens skin tone, Smooth In Finish, Long Lasting, Value For Money",03/09/18,Face
,14/08/18,Face
"evens skin tone, Smooth In Finish, Long Lasting, Value For Money, Good For Daily Use",27/07/18,Face
"evens skin tone, Smooth In Finish, Long Lasting",8 days ago,Face
"Does not even the Tone, Not Long Lasting, Expensive, Good For Daily Use",21/07/18,Face
"Value For Money, Good For Daily Use, evens skin tone, Smooth In Finish, Long Lasting",20/08/18,Face
,15 days ago,Face
"evens skin tone, Smooth In Finish",01/06/18,Face
"evens skin tone, Not Smooth in Finish, Not Long Lasting, Expensive, Not for Daily Use",10/07/18,Face
"Does not even the Tone, Not Smooth in Finish, Not Long Lasting, Not for Daily Use",1 hour ago,Face
"evens skin tone, Smooth In Finish, Value For Money, Good For Daily Use",12/06/18,Face
Good For Daily Use,6 days ago,Face
"evens skin tone, Smooth In Finish, Long Lasting",28/07/17,Face
"Good For Daily Use, evens skin tone, Smooth In Finish, Long Lasting",06/01/17,Face
"Expensive, Not for Daily Use, Does not even the Tone, Not Smooth in Finish, Not Long Lasting",27/04/17,Face
,01/09/18,Face
"evens skin tone, Smooth In Finish, Long Lasting, Value For Money, Good For Daily Use",7 days ago,Face
"evens skin tone, Smooth In Finish, Long Lasting, Value For Money, Good For Daily Use",15/01/18,Face
"evens skin tone, Smooth In Finish, Long Lasting",25/08/17,Face
Smashing colour. Highly recommend it,27/04/18,Nails
I dnt get same shade as shown in picture,23/06/18,Nails
well it is a b'ful color but if u do house work like cooking nd cleaning thn it ll not last long otherwise 2-3 days thn it ll strt fadinh.,19/06/18,Nails
pathetic and extremely slow delivery,30/06/18,Nails
,16/07/18,Nails
long lasting,19/07/18,Nails
Sooo good. Lovely and peppy shade of pink. Great finish!,24/12/17,Nails
very pretty and decent one.stays for more than a week.,27/07/16,Nails
,21/02/17,Nails
veryyyy nice product,07/07/17,Nails
,28/12/17,Nails
,02/06/18,Nails
it's a pale bluish grey color. It took me 10 mins to semi-dry after applying 2 coats. The NY Bae creme nail polishes takes a long time to dry actually.,01/05/18,Nails
,11/05/18,Nails
,06/05/18,Nails
,21/02/18,Nails
,3 days ago,Nails
super duper colour liked it so much fast drying complete matte finish,22/06/17,Nails
This is awesome. just love it.,10/03/18,Nails
,19/08/18,Nails
,22/03/18,Nails
super color same as in the picture... i love it,12 days ago,Nails
,17/08/18,Nails
,17/08/18,Nails
I order this on 30 april 2018.he had informed me that the order will be arriving by 7 may 2018 but today 11 may 2018 still the order not arrive,11/05/18,Nails
very light and transparent colors,28/06/17,Nails
very NYC product I like it,06/04/18,Nails
,23/05/18,Nails
,09/05/18,Nails
"quality is awesome , and it gives perfect matte look and dries very fast .. loved it",27/06/18,Nails
,27/04/18,Nails
,23/06/18,Nails
"Chipps, Smooth In Application, Strengthening, Quickly Drying",19/06/18,Nails
,30/06/18,Nails
,16/07/18,Nails
"Smooth In Application, Strengthening, Quickly Drying, Value For Money",19/07/18,Nails
,27/07/16,Nails
"Non-Chipping, Smooth In Application, Strengthening, Quickly Drying, Value For Money",24/12/17,Nails
"Convenient Packaging, Non-Chipping, Smooth In Application, Not Strengthening, Quickly Drying",21/02/17,Nails
,07/07/17,Nails
"Non-Chipping, Strengthening, Quickly Drying",28/12/17,Nails
,02/06/18,Nails
"Difficult to Apply, Strengthening, Does not Dry Quickly",01/05/18,Nails
,11/05/18,Nails
"Non-Chipping, Smooth In Application, Strengthening, Quickly Drying",06/05/18,Nails
,21/02/18,Nails
"Non-Chipping, Quickly Drying, Value For Money",3 days ago,Nails
"Value For Money, Chipps, Smooth In Application, Strengthening, Quickly Drying",10/04/17,Nails
"Smooth In Application, Strengthening, Quickly Drying, Value For Money",10/03/18,Nails
,19/08/18,Nails
"Non-Chipping, Smooth In Application, Strengthening",22/03/18,Nails
"Smooth In Application, Quickly Drying",12 days ago,Nails
,17/08/18,Nails
,17/08/18,Nails
,11/05/18,Nails
Difficult to Apply,28/06/17,Nails
,06/04/18,Nails
"Non-Chipping, Smooth In Application, Strengthening, Quickly Drying, Value For Money",23/05/18,Nails
"Non-Chipping, Smooth In Application, Strengthening, Quickly Drying, Value For Money",09/05/18,Nails
"Non-Chipping, Smooth In Application, Strengthening, Quickly Drying, Value For Money",27/06/18,Nails
,27/07/17,Skin
"Value For Money, Good For Daily Use, Cleansing, Not Hydrating, Gentle",03/06/17,Skin
"Cleansing, Hydrating, Gentle",25/04/17,Skin
"Cleansing, Gentle",07/07/17,Skin
"Cleansing, Hydrating, Gentle, Value For Money, Good For Daily Use",05/07/18,Skin
"Cleansing, Hydrating, Gentle",24/08/18,Skin
"Cleansing, Hydrating, Gentle, Value For Money, Good For Daily Use",25/07/18,Skin
"Cleansing, Hydrating, Gentle",08/07/18,Skin
"Cleansing, Hydrating, Gentle",06/07/18,Skin
"Cleansing, Not Hydrating, Gentle",31/10/17,Skin
"Value For Money, Good For Daily Use, Gentle",28/12/17,Skin
,19/12/17,Skin
"Cleansing, Hydrating, Gentle",09/11/16,Skin
"Cleansing, Gentle",10/02/17,Skin
"Not Cleansing, Not Hydrating, Not Gentle, Expensive, Not for Daily Use",09/02/17,Skin
"Value For Money, Good For Daily Use, Cleansing, Hydrating, Gentle",01/03/18,Skin
,27/05/17,Skin
"Cleansing, Hydrating, Gentle, Value For Money, Good For Daily Use",29/12/17,Skin
"Not Cleansing, Not Hydrating, Not Gentle, Expensive, Not for Daily Use",1 day ago,Skin
"Value For Money, Good For Daily Use, Cleansing, Hydrating, Gentle",18/01/18,Skin
,01/02/18,Skin
,22/10/17,Skin
"Cleansing, Hydrating, Gentle",25/06/18,Skin
,20/06/18,Skin
"Cleansing, Not Hydrating, Not Gentle",01/12/17,Skin
"Cleansing, Not Hydrating, Gentle, Value For Money, Good For Daily Use",04/12/16,Skin
,28/12/17,Skin
"Cleansing, Gentle, Good For Daily Use",30/07/18,Skin
"Cleansing, Gentle",19/08/18,Skin
"Cleansing, Hydrating, Gentle, Value For Money",31/08/18,Skin
"Cleansing, Non-Drying, Gentle, Removing Makeup, Light",02/07/18,Skin
"Cleansing, Non-Drying, Gentle, Light",13/08/18,Skin
,28/04/16,Skin
"Cleansing, Hydrating, Gentle, Expensive, Good For Daily Use",23 hours ago,Skin
"Cleansing, Gentle, Light",12/09/18,Skin
,19/07/18,Skin
Ineffective in Make-up removal,06/07/18,Skin
"Cleansing, Gentle, Light",05/06/18,Skin
,28/11/15,Skin
,03/04/13,Skin
"Cleansing, Hydrating, Gentle",01/09/18,Skin
"Cleansing, Gentle, Convenient Packaging",7 days ago,Skin
"Cleansing, Hydrating, Gentle",21/08/18,Skin
,24/12/17,Skin
"Cleansing, Hydrating, Gentle",19/01/18,Skin
"Cleansing, Hydrating, Gentle",15/01/18,Skin
,19/02/18,Skin
,30/04/18,Skin
"Not Cleansing, Hydrating, Gentle, Value For Money, Good For Daily Use",18 hours ago,Skin
,29/11/17,Skin
,09/05/17,Skin
"Not for Daily Use, Not Cleansing, Not Hydrating, Not Gentle",16/08/17,Skin
"Cleansing, Hydrating, Gentle, Value For Money",28/07/18,Skin
"Cleansing, Hydrating, Gentle, Convenient Packaging, Value For Money",21 hours ago,Skin
"Cleansing, Hydrating, Gentle",28/07/18,Skin
"Cleansing, Gentle, Good For Daily Use",28/03/18,Skin
"Cleansing, Hydrating, Gentle, Good For Daily Use",18/04/18,Skin
"Cleansing, Hydrating, Gentle",03/04/18,Skin
"this face wash is very nice. few months I have many skin problem like acne, pimple. but after using this face wash I have none of them. I really happy with this face wash. I order it second time.",27/07/17,Skin
Need to apply moisturiser immediately after pat dry.Else skin feel very dry.,03/06/17,Skin
wow product for oily acne prone skin,25/04/17,Skin
"I've extremely oily and sensitive skin. I don't believe anywhere oil beats oily as far i tried, but this face wash amazed  me. The minute after wash, it cleaned all the dirt and oil from the face. No smell left, Within 5 mins locked the freshness clean which the oily skin buddies always wanted. Nice mild fragrance of cinnamon only in the tube.  Dry and normal skin users might in need of moisturizers after wash. Oily skin users may use oil-free water based toners",07/07/17,Skin
,05/07/18,Skin
,24/08/18,Skin
Feeling refreshed with the tea-tree content in the facewash.. I really liked itüëç,25/07/18,Skin
,08/07/18,Skin
It's ausm,06/07/18,Skin
"good one but drying ur face..have to apply moisturizer., smells like turmeric powder
and im not big fan of the smell(which is strong)
face was glowing after using it",31/10/17,Skin
,28/12/17,Skin
,19/12/17,Skin
works well from the first wash. There is no smell at all. It's completely herbal product n iam loving it! Quantity n quality is superb.,09/11/16,Skin
loved feel after wash,10/02/17,Skin
waste product..it make my skin dry..dont buy,09/02/17,Skin
Good ,01/03/18,Skin
good one...But not a good choice for oily / combination beauties,27/05/17,Skin
,29/12/17,Skin
this product cap was broken. and I m so disappointed,1 day ago,Skin
good,18/01/18,Skin
,01/02/18,Skin
,22/10/17,Skin
,25/06/18,Skin
,20/06/18,Skin
another product of biotique which is drying in name of refreshing i bought it thinking honey is mild n i have dry skin . it was anything but mild,01/12/17,Skin
can be a bit drying in winters. follow up with a moisturizer. will be good for summers.,04/12/16,Skin
,28/12/17,Skin
,30/07/18,Skin
Very good product,19/08/18,Skin
super nice face wash....,31/08/18,Skin
,02/07/18,Skin
,13/08/18,Skin
girlssss. i am very pleased to write this review for kaya. This is the fiRST time I have ever used kaya products ..that too purchased it online. Ppl were like it might be fake so be careful or go to kaya clinic and use on their suggestion. But I was stubborn to use it and give it a shot. And I am glad I used it coz I can see a visible change in my skin just after 2 weeks. I accept its bit costly but then its worth it. Once you start using it you will see that u will have a glowing skin with out using any cream or anything.. all natural. For me my skin tone has also improved. I am very happy with this product. I use it with kaya skin tonic,28/04/16,Skin
,23 hours ago,Skin
Using it from one week only and my tan started to disappear as well as my skin glows better than before,12/09/18,Skin
,19/07/18,Skin
,06/07/18,Skin
A perfect result can be seen after two to three weeks of usage and it is suitable for every skin type. Would love to purchase  and use it again.,05/06/18,Skin
It's a Just Ok Product... I didnt find it that much Magical according to its Cost...300 Rs. For this Product is too much...Its just like other Basic Normal 100 Rs. Or even less than that Face Washes...I didn't find much Difference,28/11/15,Skin
"It has micro beads for gentle skin exfoliation and it gently cleanses away dirt, pollution particles, grime and oil from the face. Never ever broke me out and the packaging is sturdy but a bit boring. This actually makes the skin soft, supple and glowing and the you get a lot of product for the price. A really good cleanser that does its job pretty nicely.",03/04/13,Skin
good facewash but too small,01/09/18,Skin
,7 days ago,Skin
best face wash for oily skin,21/08/18,Skin
"It reduce my acne, NC smell and hydrating,best face wash of vlcc first tym i tried, really value of money",24/12/17,Skin
,19/01/18,Skin
,15/01/18,Skin
the original price of this product is 150. you people are fooling the customers,19/02/18,Skin
actual price is 150rs of this face wash,30/04/18,Skin
,18 hours ago,Skin
this is very poor delivery system. till I didn't get my product.,29/11/17,Skin
,09/05/17,Skin
This is a soap less face wash. i don't like to use it .,16/08/17,Skin
,28/07/18,Skin
its a mild face wash and good for daily use.smells great and gives  a smooth effect in on ur skin.bothing highly special but still works good from soft or sensitive skin.,21 hours ago,Skin
I love this Product,28/07/18,Skin
The face wash contains SLES. And that is not good for the skin in the long run. Rest everything is good.,28/03/18,Skin
Amazing face wash happy to use this,18/04/18,Skin
nice product,03/04/18,Skin
sssssuper,03/08/18,Skin
"good,",05/08/18,Skin
good..i like it,09/09/18,Skin
,15/08/18,Body
one of the fav shower gels,06/09/18,Body
good product,10 days ago,Body
"amazing product,smells great,leaves ur skin soft n clean,the fragrance lingers for a long time,totally luv,re ordering a few more for my family...",03/11/16,Body
very good body wash,29/09/17,Body
,12/01/17,Body
,19/08/18,Body
,05/02/17,Body
,30/07/18,Body
,31/12/17,Body
,17/08/17,Body
,17/08/17,Body
Very Nice product,20/05/17,Body
,11/01/17,Body
,28/12/16,Body
nice product on time delivery very good packing,18/06/18,Body
,22/05/18,Body
"smell good , smooth and hydrated the skin",21/08/18,Body
,13/06/17,Body
,14/09/17,Body
,17/04/17,Body
very nice and good,10/09/17,Body
,16/06/17,Body
,29/06/17,Body
"The very first time I tried this, I was drawn to the aroma of the gel. Its fragrance envelopes you the moment it drizzles down the neck. I had to make little effort to keep my elbows, knees and ankles cleaner. Even with a normal loofah and a normal scrub, my elbows, knees and ankles were cleaner. The skin never felt better.
I am ordering it again.",14/03/14,Body
Makes the skin dry. No moisturising at all. Gets burning sensation after taking bath,26/02/17,Body
Must buy it.amazing product?,25/10/17,Body
The waterlily exotic shower gel is a refreshing and energizing gel that falls smoothly on my skin and makes my skin feel soft and pleasant. The aroma is absolutely mesmerizing and I love this shower gel.,06/12/17,Body
Received a leaked product,20/12/17,Body
lathers well...smell is very rejuvinating..nd guess what i got it for Rs 99 only during sale,24/02/18,Body
Such a good body wash! The smell is so soothing and good and helps a lot in maintaining the hygiene. The pack looks very expensive and authentic. It makes so many bubbles which is a trait of quality body wash.,24/06/18,Body
The smell is refreshing but I personally didn't like the smell .. It is purely chemical and smells like toothpaste,04/07/18,Body
,17/07/18,Body
"very gentle cleanser. fragrance is same as that of sandalwood and does linger for a few mins after shower. skin feels fresh soft and supple which is great.   I have only one complain that ingredients list must contain all ingredients as I (and many other out there) are people with v sensitive skin so that we can buy confidently. apart from this, thumps up for this shower gel. would love to try other variants too if I know they are free from all harmful chemicals.",27/04/18,Body
,27/02/18,Body
,26/02/18,Body
This strawberry shower gel is highly moisturizing and nourishing on my skin. It makes my skin feel frsh and lively. I brought this since strawberries contain salicylic acid which is known for getting rid of dead cells from the skin and tightening the pores. ,19/11/17,Body
"The gel is light pink in colour , runny in consistency. The smell of it is very mild and not at all long lasting. It foams a little but a small amount is enough to clean the body. The best part about this body gel wash is that it‚Äôs extremely hydrating. Body doesn‚Äôt feel dry or rough after using this gel.",15/12/17,Body
"This strawberry shower gel fights free radicals. This shower gel gently cleans my skin, giving it the hydration it needs. It gives my skin a natural glow from within. Strawberry also helps keep my skin healthy and moisturized. The ellagic acid in strawberry helps in reducing fine lines and wrinkles on my skin.",23/11/17,Body
I love this shower gel because of it fresh and uplifting aroma. It is a non-irritating gel that smoothly glides on the skin and makes my skin feel soft and healthy. I highly recommend this product. ,21/11/17,Body
Nice...,20/02/18,Body
very nice smell....good cleansing effect...surely will buy again..,29/03/18,Body
it is amazing!!even u r oily sensitive acne prone skin too,17/09/18,Body
good product,14/12/17,Body
Smells good,15/01/18,Body
I choose this satsuma shower gel as it is loaded with essential nutrients and vitamins that are required for my skin to feel healthy. It not only boosts energy and liveliness in my skin but also makes my skin feel soft and smooth with a refreshing touch. The best part is that it does not irritate or harm your skin but instead it falls gently on my skin.,19/11/17,Body
just another body wash... not noticeably moisturising.. good but artificial fragrance,31/12/17,Body
Fragrance was very mild,11/03/18,Body
awesome shower gel,6 days ago,Body
I choose this satsuma shower gel as it is loaded with essential nutrients and vitamins that are required for my skin to feel healthy. It not only boosts energy and liveliness in my skin but also makes my skin feel soft and smooth with a refreshing touch. The best part is that it does not irritate or harm your skin but instead it falls gently on my skin.,19/11/17,Body
just another body wash... not noticeably moisturising.. good but artificial fragrance,31/12/17,Body
It's  a good product,09/01/18,Body
The best part of this is that it's completely natural.. SLS and PABA free. I really like it. Go for it guys.,21/12/17,Body
It's really soothes,02/03/18,Body
 fell in love with  this...the smell is that good. no longer using soaps now. this doent make my skin dry and rough like soaps,01/12/17,Body
used Nd old bottle how could you send me dis,16/09/18,Body
Great product!!! Makes the skin very smooth and you feel very fresh.,01/12/17,Body
It is a very nice product..,10 days ago,Body
I love this shower gel because of it fresh and uplifting aroma. It is a non-irritating gel that smoothly glides on the skin and makes my skin feel soft and healthy. I highly recommend this product. ,21/11/17,Body
Nice...,20/02/18,Body
"Cleansing, Hydrating, Smelling Great, Gentle",15/08/18,Body
,06/09/18,Body
"Cleansing, Hydrating, Smelling Great, Gentle",10 days ago,Body
"Cleansing, Hydrating, Smelling Great, Gentle",03/11/16,Body
"Cleansing, Hydrating, Smelling Great, Gentle",29/09/17,Body
"Value For Money, Cleansing, Hydrating, Smelling Great, Gentle",12/01/17,Body
"Cleansing, Smelling Great, Value For Money",19/08/18,Body
"Value For Money, Cleansing, Hydrating, Smelling Great, Gentle",05/02/17,Body
Value For Money,30/07/18,Body
,31/12/17,Body
,17/08/17,Body
,17/08/17,Body
,20/05/17,Body
"Expensive, Smelling Great, Gentle",11/01/17,Body
"Value For Money, Cleansing, Hydrating, Smelling Great, Gentle",28/12/16,Body
"Cleansing, Hydrating, Smelling Great, Gentle, Value For Money",18/06/18,Body
,22/05/18,Body
"Cleansing, Hydrating, Smelling Great, Gentle",21/08/18,Body
"Cleansing, Hydrating, Smelling Great, Gentle, Value For Money",13/06/17,Body
"Cleansing, Smelling Great, Gentle",14/09/17,Body
"Value For Money, Cleansing, Hydrating, Smelling Great, Gentle",17/04/17,Body
"Cleansing, Hydrating, Smelling Great",10/09/17,Body
"Cleansing, Smelling Great, Gentle",16/06/17,Body
"Cleansing, Hydrating, Smelling Great, Gentle",29/06/17,Body
,14/03/14,Body
"Not Hydrating, Not Gentle",26/02/17,Body
"Cleansing, Hydrating, Smelling Great, Gentle",25/10/17,Body
,06/12/17,Body
,20/12/17,Body
Convenient Packaging,24/02/18,Body
"Value For Money, Cleansing, Not Hydrating, Smelling Great, Gentle",24/06/18,Body
"Cleansing, Hydrating, Smells Blah!, Gentle",04/07/18,Body
"Cleansing, Hydrating, Smells Blah!, Gentle",17/07/18,Body
"Cleansing, Hydrating, Smelling Great, Gentle",27/04/18,Body
"Cleansing, Hydrating, Smelling Great, Gentle, Value For Money",27/02/18,Body
"Cleansing, Hydrating, Smelling Great, Gentle",26/02/18,Body
,19/11/17,Body
"Cleansing, Hydrating, Smells Blah!, Gentle, Value For Money",15/12/17,Body
,23/11/17,Body
,21/11/17,Body
"Cleansing, Hydrating, Smelling Great, Gentle",20/02/18,Body
,29/03/18,Body
"Cleansing, Hydrating, Smelling Great, Gentle, Value For Money",17/09/18,Body
,14/12/17,Body
,15/01/18,Body
,19/11/17,Body
"Cleansing, Not Hydrating, Smelling Great, Gentle",31/12/17,Body
"Cleansing, Not Hydrating, Smells Blah!, Gentle",11/03/18,Body
"Cleansing, Hydrating, Smelling Great, Gentle",6 days ago,Body
,19/11/17,Body
"Cleansing, Not Hydrating, Smelling Great, Gentle",31/12/17,Body
"Cleansing, Hydrating, Smelling Great, Gentle",09/01/18,Body
"Cleansing, Hydrating, Smelling Great, Gentle, Value For Money",21/12/17,Body
"Cleansing, Smelling Great, Gentle, Value For Money",02/03/18,Body
,01/12/17,Body
,16/09/18,Body
,27/11/17,Body
,10 days ago,Body
,21/11/17,Body
"Cleansing, Hydrating, Smelling Great, Gentle",20/02/18,Body
"Value For Money, Cleansing, Smelling Great, Non-Drying, Gentle",04/07/18,Hair
"Cleansing, Smelling Great, Non-Drying, Gentle",29/06/18,Hair
"Value For Money, Cleansing, Smelling Great, Non-Drying, Gentle",14/09/18,Hair
,09/04/18,Hair
"Value For Money, Cleansing, Smelling Great, Non-Drying, Gentle",06/04/18,Hair
,15/06/18,Hair
"Cleansing, Smelling Great, Value For Money",22/08/18,Hair
"Cleansing, Smelling Great, Drying, Gentle",14/09/18,Hair
"Cleansing, Non-Drying, Gentle",3 days ago,Hair
"Cleansing, Smelling Great, Non-Drying, Gentle, Value For Money",27/07/18,Hair
"Value For Money, Smelling Great, Gentle",02/08/18,Hair
"Not Cleansing, Smelling Great, Drying, Not Gentle, Expensive",13/08/18,Hair
"Value For Money, Cleansing, Smelling Great, Non-Drying, Gentle",21/08/18,Hair
"Value For Money, Cleansing, Smelling Great, Gentle",11/08/18,Hair
"Value For Money, Cleansing, Smelling Great",21/06/18,Hair
"Cleansing, Smelling Great, Gentle",07/03/18,Hair
"Expensive, Cleansing, Smelling Great, Non-Drying, Gentle",14/12/17,Hair
,25/11/17,Hair
,18/08/18,Hair
"Cleansing, Smelling Great, Non-Drying, Gentle",25/04/17,Hair
,09/11/16,Hair
"Expensive, Cleansing, Smelling Great, Non-Drying, Gentle",21/06/18,Hair
"Not Cleansing, Smells Blah!, Drying, Not Gentle, Expensive",18/05/18,Hair
"Cleansing, Smelling Great, Value For Money",24/07/18,Hair
,15/06/17,Hair
"Cleansing, Smelling Great, Non-Drying, Gentle",05/01/18,Hair
"Cleansing, Smelling Great, Drying, Gentle",14/05/17,Hair
,3 days ago,Hair
"Cleansing, Smelling Great, Non-Drying, Gentle",13/06/18,Hair
"Cleansing, Smelling Great, Non-Drying, Gentle, Value For Money",5 days ago,Hair
"Value For Money, Cleansing, Smelling Great, Drying, Gentle",04/03/18,Hair
,27/02/18,Hair
,07/10/17,Hair
"Smelling Great, Non-Drying, Gentle, Convenient Packaging",28/04/18,Hair
"Expensive, Cleansing, Smelling Great, Non-Drying, Gentle",04/09/18,Hair
"Smelling Great, Gentle",17/05/18,Hair
"Value For Money, Cleansing, Smells Blah!, Non-Drying, Gentle",07/09/18,Hair
"Cleansing, Smelling Great, Non-Drying, Gentle",11/07/18,Hair
"Cleansing, Smelling Great, Non-Drying, Gentle",12/01/18,Hair
"Cleansing, Smelling Great, Non-Drying, Gentle",13/08/17,Hair
"Expensive, Cleansing, Smelling Great, Drying, Gentle",21/07/17,Hair
"Cleansing, Smells Blah!, Drying, Not Gentle, Expensive",03/07/17,Hair
,08/07/15,Hair
"Cleansing, Smelling Great, Non-Drying, Gentle",02/03/17,Hair
Reducing Hairfall,10/07/16,Hair
,25/11/15,Hair
,15/08/15,Hair
,15/05/15,Hair
"Cleansing, Smelling Great, Non-Drying, Gentle, Value For Money",24/08/18,Hair
"Cleansing, Smells Blah!, Non-Drying, Gentle",7 days ago,Hair
,14/06/18,Hair
"Value For Money, Smelling Great, Non-Drying",7 days ago,Hair
"Not Cleansing, Smells Blah!, Drying, Not Gentle",13/09/18,Hair
"Cleansing, Smelling Great, Non-Drying, Gentle, Value For Money",18/09/18,Hair
,11/12/17,Hair
"Cleansing, Smelling Great, Non-Drying, Gentle, Packaging is Blah!",31/12/17,Hair
"Cleansing, Smelling Great, Non-Drying, Gentle",24/04/18,Hair
Smelling Great,04/02/17,Hair
,09/12/17,Hair
,11/02/18,Hair
,04/07/18,Hair
,29/06/18,Hair
Cheap compared to anywnere else,14/09/18,Hair
"Product doesn't seems original. Year back I have used these products but its not the same. Even frangrance is different.
I request purplle to check the authenticity of product and let me know. As I trust purplle!!",09/04/18,Hair
when i used first time my hiar silky smooth and managable.this shampoo best for straight hair follow xtenso care hair mask.,06/04/18,Hair
i got leakage product.I want to exchange that.call me,15/06/18,Hair
,22/08/18,Hair
it makes lather less ,14/09/18,Hair
,3 days ago,Hair
"It actually surprises me a lot. Generally any good anti dandruff shampoo cleans the scalp but in parallel, dries up the hair to some extent. But surprisingly this product does a very good job not only on the dandruff but also in terms of smoothing of the hair.",27/07/18,Hair
,02/08/18,Hair
please don't purchase anyone . hair is lot of dry . bad product for loreal. hate it,13/08/18,Hair
,21/08/18,Hair
"great product !!
saw the changes from first wash itself.. so happy",11/08/18,Hair
,21/06/18,Hair
,07/03/18,Hair
This a great product! I will definitely recommend this. It is very good for dry hair.,14/12/17,Hair
Pathetic service. I dont want product. Refund my money,25/11/17,Hair
bad service,18/08/18,Hair
"Just amazing...doesn't dry up your hair ,I use it with loreal hair spa conditioner and it makes hair smooth and manageable for 3days...hair texture gets changed to smooth and hair fall gets reduced to some extent",25/04/17,Hair
best price for great shampoo. love it,09/11/16,Hair
,21/06/18,Hair
,18/05/18,Hair
perfect for rough hair,24/07/18,Hair
,15/06/17,Hair
,05/01/18,Hair
,14/05/17,Hair
Got duplicate item this time. How to return this.,3 days ago,Hair
,13/06/18,Hair
,5 days ago,Hair
"Its amazing product , hair fall has been controlled. At times , my hair goes ruff and dryness  persist.",04/03/18,Hair
Hair softener!!,27/02/18,Hair
,07/10/17,Hair
"really very good shampoo
my hair became very soft n smooth",28/04/18,Hair
,04/09/18,Hair
not worthy totally wasted my money hairfall hairfall and hairfall,17/05/18,Hair
,07/09/18,Hair
a very nice shampoo leaves your hair very smooth n soft..,11/07/18,Hair
EXCELLENT PRODUCT,12/01/18,Hair
"Hair type- thin, straight & long. Dry and split ends.
Scalp- oily and occasional dandruff.
This shampoo is A M A Z I N G.
I have used Schwarzkopf, l'oreal, wella, sunsilk, Garnier, tresme and what not! These shampoos did no good to my hair and in turn made them dry and lifeless.
I came across this shampoo while looking for scalp treatment and thought to give it a try n I am glad that I did!
It has made my hair extremely lovely in just one wash.
The shampoo smells like ACV and its thick in consistency. I diluted it with water and then applied on my scalp and left it for good 10minutes. After that I didn't apply any conditioner or serum coz I wanted to know the. Exact effect of this shampoo. Trust me guys...this did wonders!!!!
I can't thank this brand enough for launching this sls paraben free shampoo which beats high end salon products. My hair feels smooth ,silky, shiney and lovely.
wish I could attach pictures here for you all.
 Now this is my Staple shampoo and I am going to try their conditioner pretty soon.",13/08/17,Hair
"Advantage-gentle on hair and smells good.
Disadvantages- Does not clean hair properly when you have applied oil on your hair.I experienced a lot of hairfall after using this and moreover I felt that it made my hair dry.The price is too high for a product like this.",21/07/17,Hair
"Makes hair rough and try, avoid this shampoo ",03/07/17,Hair
Good product,08/07/15,Hair
I have been using this shampoo for quite sometime  and i like it,02/03/17,Hair
best shampoo I hv ever used. in 2...3 wash you feel result.hair fall just stopped. I'm amazed with this shampoo. thank you purple for selling awesome products,10/07/16,Hair
"I am very happy with the results. It takes time to show the results but it is certainly a very good shampoo to use. Not only you feel happy about not using chemicals but also about the fact that you hair are healthy.
I am using it now.. And i would use it again",25/11/15,Hair
"I had searched online on every e-commerce sites, for discount but only purple gives the best discount in the market on this product. The shampoo is Fab. Five stars for purple.",15/08/15,Hair
I have been using  this shampoo for almost 6 months now and I have already purchased it twice and will be repurchasing it again. Although the smell of this shampoo is not at all good (it smells like naphthalene) yet it is a very good shampoo. It is mild but cleanses your hairs well. It has controlled my hair fall to some extent and it adds shine to the hairs once the hairs dries up completely. It is one of my HG hair care product.,15/05/15,Hair
good product,24/08/18,Hair
,7 days ago,Hair
,14/06/18,Hair
Smells great and provides softness ,7 days ago,Hair
cheap it's not cleaning the scalp and freezing the hair. this made my head so dry. don't you it ever poor quality product,13/09/18,Hair
best shampoo ever,18/09/18,Hair
"The texture or quality of the shampoo was absolutely like banana pur√©e and so the fragrance. Feels like you are applying banana puree on your hair. Give beautiful shine to hair. However not sure about the moisturising quality, as I've just used it once. ",11/12/17,Hair
this shampoo is highly moisturising n nourishing on hair. the smell is totally like Banana shake but it doesn't linger after wash which is good for sensitive noses. though this shampoo contains a derivative of SLS yet I would say this is a real deal at this price... worth trying,31/12/17,Hair
I bought this shampoo jut to try as the banana flavor attracted me just to give it a try I ordered it but after using I must say it's really awesome for dry hair n make your hair shiny n straight as well.,24/04/18,Hair
Very good product this shampoo is reallysrop ur hair fall i liked it,04/02/17,Hair
does not suit dry hair since it does full cleansing. hair feels fresh but after few hours  my scalp felt very dry,09/12/17,Hair
when will i get my products,11/02/18,Hair
